split,level,macro_pos,tier,MAE,RMSE,R2
val,OVERALL,ALL,ALL,12.913642375872193,15.95270276735896,0.42307935934354435
val,MACRO,FWD,ALL,13.18340048489762,16.081251895708526,0.44480033215864045
val,SEG,FWD,High,14.76986545461842,17.83911254342698,0.3362382387956905
val,SEG,FWD,Low,10.938220256756768,14.003350719243008,-0.9655758863973181
val,SEG,FWD,Mid,11.214108207705918,13.169979498970589,-0.05959923457692606
val,MACRO,DEF,ALL,11.810631441190445,15.415931335655223,0.13767143539223448
val,SEG,DEF,High,14.513265306146575,18.364521215712635,0.10467688239396433
val,SEG,DEF,Low,7.025377272769926,7.044620063957118,0.0
val,SEG,DEF,Mid,9.435039217752646,12.296756909369632,-0.03327928048322226
