split,level,macro_pos,tier,MAE,RMSE,R2
test,OVERALL,ALL,ALL,12.494182252706475,16.008869000033453,0.28145707830200384
test,MACRO,FWD,ALL,13.00625904651964,16.727580034165246,0.23432171232454224
test,SEG,FWD,High,14.40058940367188,18.50616020786105,0.087010968857128
test,SEG,FWD,Low,10.913336041623626,14.214937729751943,-0.8368568172784485
test,SEG,FWD,Mid,11.31779773064345,13.946817594713437,-0.3652530470748767
test,MACRO,DEF,ALL,10.379082452173844,12.61359672693479,0.26474484328631287
test,SEG,DEF,High,12.806852026567102,14.853410734313522,0.2307795865263501
test,SEG,DEF,Low,7.043061369321362,7.454048422865804,-1.5042405809770445
test,SEG,DEF,Mid,6.898702840359979,8.716404443830356,-0.07216093492196163
